{"mel_mean": -5.517050743103027, "mel_std": 2.0643835067749023}
